x,y,u,angle
0.00505050505049548,0.0,1.0079412063119702,0
0.9949494949494817,0.0,0.9215741516324756,0
0.015151515151486524,0.0,0.9122173106432186,0
0.025252525252477356,0.0,0.9870036674545796,0
0.0353535353534669,0.0,1.0793805154352722,0
0.04545454545445497,0.0,1.0000505284903187,0
0.0555555555554431,0.0,0.9382779139712325,0
0.06565656565643357,0.0,1.0401261725795121,0
0.07575757575742703,0.0,1.0961045403066192,0
0.08585858585842165,0.0,0.998232087015955,0
0.09595959595941628,0.0,0.9405164288432909,0
0.1060606060604109,0.0,1.0313506273223942,0
0.11616161616140486,0.0,1.085616733846675,0
0.12626262626239484,0.0,0.9953182341089423,0
0.13636363636337873,0.0,0.905368562190395,0
0.14646464646435964,0.0,0.9771903333853075,0
0.1565656565653403,0.0,1.072252901343286,0
0.1666666666663209,0.0,1.0273376678757014,0
0.17676767676730148,0.0,0.909272276562686,0
0.18686868686828212,0.0,0.9205226684409461,0
0.1969696969692627,0.0,1.038030141372798,0
0.20707070707024333,0.0,1.0851465776663698,0
0.21717171717122402,0.0,1.0110270099126404,0
0.2272727272722046,0.0,0.9123755157077454,0
0.23737373737318518,0.0,0.9381058927193965,0
0.24747474747416578,0.0,1.0502274192889454,0
0.2575757575751464,0.0,1.1031408195303463,0
0.267676767676127,0.0,1.039778154618748,0
0.27777777777710766,0.0,0.9412334499564435,0
0.2878787878780883,0.0,0.9130646897109315,0
0.2979797979790689,0.0,0.9893897285127756,0
0.3080808080800495,0.0,1.083056098855639,0
0.3181818181810302,0.0,1.1015165000280907,0
0.32828282828201083,0.0,1.0313378800564115,0
0.3383838383829914,0.0,0.9394094170958427,0
0.348484848483972,0.0,0.9028504714328789,0
0.3585858585849525,0.0,0.9461157029425933,0
0.3686868686859332,0.0,1.0346729851222272,0
0.3787878787869139,0.0,1.0979286511120827,0
0.3888888888878945,0.0,1.094771392500946,0
0.3989898989888751,0.0,1.0376506749251184,0
0.4090909090898557,0.0,0.9617271799570261,0
0.4191919191908363,0.0,0.9055208397352587,0
0.42929292929181695,0.0,0.9115836387229254,0
0.4393939393927976,0.0,0.9705220153854343,0
0.4494949494937782,0.0,1.0369411209479724,0
0.4595959595947588,0.0,1.0919142618353923,0
0.4696969696957394,0.0,1.1057487068817307,0
0.47979797979672,0.0,1.0767944947992414,0
0.48989898989770253,0.0,1.0354069921280857,0
0.49999999999869915,0.0,0.9801186208113642,0
0.5101010100997199,0.0,0.9184454147904734,0
0.5202020202007547,0.0,0.8920043331231072,0
0.5303030303017915,0.0,0.9080780746889783,0
0.5404040404028283,0.0,0.939171462316423,0
0.550505050503865,0.0,0.9838875461718555,0
0.5606060606049017,0.0,1.0323514417074804,0
0.5707070707059385,0.0,1.07089233162681,0
0.5808080808069753,0.0,1.096291172095214,0
0.5909090909080119,0.0,1.1038026355068382,0
0.6010101010090487,0.0,1.084438594263935,0
0.6111111111100854,0.0,1.0490181314061222,0
0.6212121212111221,0.0,1.025513025006259,0
0.6313131313121589,0.0,0.9836617817601669,0
0.6414141414131957,0.0,0.9396323962836806,0
0.6515151515142324,0.0,0.9196954903521034,0
0.6616161616152691,0.0,0.8921885955364632,0
0.671717171716306,0.0,0.8889549018870904,0
0.6818181818173427,0.0,0.908097345682882,0
0.6919191919183794,0.0,0.9300766634820926,0
0.7020202020194162,0.0,0.9492696593237558,0
0.7121212121204528,0.0,0.978257916957148,0
0.7222222222214896,0.0,1.0126771666071381,0
0.7323232323225264,0.0,1.0425430425655757,0
0.7424242424235631,0.0,1.0666634298639417,0
0.7525252525245998,0.0,1.0875341345471854,0
0.7626262626256366,0.0,1.0995746927694714,0
0.7727272727266734,0.0,1.0973140865874824,0
0.7828282828277101,0.0,1.0906847413675707,0
0.7929292929287468,0.0,1.0915168292726003,0
0.8030303030297836,0.0,1.0878111351335913,0
0.8131313131308202,0.0,1.0727577535875108,0
0.823232323231857,0.0,1.062635548182268,0
0.8333333333328938,0.0,1.0507549487006271,0
0.8434343434339305,0.0,1.0208747258952269,0
0.8535353535349672,0.0,0.9912809814434267,0
0.863636363636004,0.0,0.9734946683385225,0
0.8737373737370409,0.0,0.9486294668842742,0
0.8838383838380776,0.0,0.9295050000621403,0
0.8939393939391143,0.0,0.9284723893895253,0
0.9040404040401511,0.0,0.9188427380846164,0
0.9141414141411878,0.0,0.9125259572875282,0
0.9242424242422245,0.0,0.9257566505530163,0
0.9343434343432613,0.0,0.9222711052019843,0
0.944444444444298,0.0,0.9040345111924862,0
0.9545454545453347,0.0,0.9127901586541047,0
0.9646464646463715,0.0,0.916301421410627,0
0.9747474747474083,0.0,0.8935156525645355,0
0.984848484848445,0.0,0.8987770392930409,0
0.0,0.00505050505052612,1.0289684102290715,0
1.0,0.00505050505049548,0.9530106147319507,0
1.0,0.9949494949494817,0.9599801236140079,0
0.9949494949494739,1.0,0.9265399978810709,0
0.00505050505052612,1.0,1.0047526094071484,0
0.0,0.9949494949494739,1.026633436281935,0
1.0,0.015151515151486524,1.0361725315615402,0
1.0,0.025252525252477356,1.1164730866520234,0
1.0,0.0353535353534669,1.1628391969366736,0
1.0,0.04545454545445497,1.1647686638739234,0
1.0,0.0555555555554431,1.1286612858569307,0
1.0,0.06565656565643357,1.070119411365258,0
1.0,0.07575757575742703,1.0055179411458803,0
1.0,0.08585858585842165,0.9508846276159887,0
1.0,0.09595959595941628,0.9153126794758429,0
1.0,0.1060606060604109,0.8991146632122682,0
1.0,0.11616161616140486,0.8959057121549792,0
1.0,0.12626262626239484,0.8971678071304142,0
1.0,0.13636363636337873,0.898352637732662,0
1.0,0.14646464646435964,0.9031034142042728,0
1.0,0.1565656565653403,0.9159767951913298,0
1.0,0.1666666666663209,0.9445999124284433,0
1.0,0.17676767676730148,0.992959498291269,0
1.0,0.18686868686828212,1.0637629866350662,0
1.0,0.1969696969692627,1.144395015388621,0
1.0,0.20707070707024333,1.2267139818125765,0
1.0,0.21717171717122402,1.294163169448617,0
1.0,0.2272727272722046,1.3340731705135773,0
1.0,0.23737373737318518,1.3460822111944428,0
1.0,0.24747474747416578,1.328594547240207,0
1.0,0.2575757575751464,1.2911290035533123,0
1.0,0.267676767676127,1.2255920859945646,0
1.0,0.27777777777710766,1.1645088226288187,0
1.0,0.2878787878780883,1.0921964891734477,0
1.0,0.2979797979790689,1.0090423591720505,0
1.0,0.3080808080800495,0.9184184745278673,0
1.0,0.3181818181810302,0.8246736737664159,0
1.0,0.32828282828201083,0.729387475954735,0
1.0,0.3383838383829914,0.6355791653664995,0
1.0,0.348484848483972,0.5487487971497855,0
1.0,0.3585858585849525,0.4726454196089322,0
1.0,0.3686868686859332,0.4066516089914136,0
1.0,0.3787878787869139,0.35569973249888504,0
1.0,0.3888888888878945,0.3126664539696734,0
1.0,0.3989898989888751,0.2720547337756207,0
1.0,0.4090909090898557,0.2359662805536589,0
1.0,0.4191919191908363,0.20182221909972795,0
1.0,0.42929292929181695,0.1705030684534597,0
1.0,0.4393939393927976,0.14071169812888815,0
1.0,0.4494949494937782,0.1073292494584578,0
1.0,0.4595959595947588,0.07793633679694882,0
1.0,0.4696969696957394,0.06290845605907085,0
1.0,0.47979797979672,0.08729249744673943,0
1.0,0.48989898989770253,0.1186895810090117,0
1.0,0.49999999999869915,0.1341430089482615,0
1.0,0.5101010100997199,0.12614228111532297,0
1.0,0.5202020202007547,0.09778116136264513,0
1.0,0.5303030303017915,0.06598025826529641,0
1.0,0.5404040404028283,0.053893685439868236,0
1.0,0.550505050503865,0.0787964547481249,0
1.0,0.5606060606049017,0.11130406971956994,0
1.0,0.5707070707059385,0.14540154197456656,0
1.0,0.5808080808069753,0.18081865460326,0
1.0,0.5909090909080119,0.21683987141772873,0
1.0,0.6010101010090487,0.2506490915527522,0
1.0,0.6111111111100854,0.28188544102349794,0
1.0,0.6212121212111221,0.31589155874861075,0
1.0,0.6313131313121589,0.3562842397661234,0
1.0,0.6414141414131957,0.4094248075769035,0
1.0,0.6515151515142324,0.47805369904494616,0
1.0,0.6616161616152691,0.5610024728477481,0
1.0,0.671717171716306,0.6542881388318545,0
1.0,0.6818181818173427,0.7471078698993489,0
1.0,0.6919191919183794,0.8378058526850891,0
1.0,0.7020202020194162,0.9238137609162101,0
1.0,0.7121212121204528,1.0053187806920645,0
1.0,0.7222222222214896,1.0831020572828938,0
1.0,0.7323232323225264,1.1586530486997968,0
1.0,0.7424242424235631,1.23208458991862,0
1.0,0.7525252525245998,1.2969239119509988,0
1.0,0.7626262626256366,1.3483738519788977,0
1.0,0.7727272727266734,1.3768890347974492,0
1.0,0.7828282828277101,1.3719185935865272,0
1.0,0.7929292929287468,1.3316160354553983,0
1.0,0.8030303030297836,1.2705300555884338,0
1.0,0.8131313131308202,1.1936076335781143,0
1.0,0.823232323231857,1.1071725861048887,0
1.0,0.8333333333328938,1.0213442054980644,0
1.0,0.8434343434339305,0.9438537292064253,0
1.0,0.8535353535349672,0.8730389648846802,0
1.0,0.863636363636004,0.8250947253602815,0
1.0,0.8737373737370409,0.803582660889537,0
1.0,0.8838383838380776,0.8198620078273152,0
1.0,0.8939393939391143,0.8632863672067892,0
1.0,0.9040404040401511,0.9208740461063557,0
1.0,0.9141414141411878,0.9828201295550952,0
1.0,0.9242424242422245,1.0459274375245637,0
1.0,0.9343434343432613,1.1045728608549432,0
1.0,0.944444444444298,1.1510950998099432,0
1.0,0.9545454545453347,1.178845194275915,0
1.0,0.9646464646463715,1.172705341834859,0
1.0,0.9747474747474083,1.124252483481331,0
1.0,0.984848484848445,1.0468695954588318,0
0.9848484848484218,1.0,0.9042308796079669,0
0.9747474747473697,1.0,0.8904254083821739,0
0.9646464646463174,1.0,0.9042638715345217,0
0.9545454545452653,1.0,0.8948689398894566,0
0.9444444444442132,1.0,0.8875043208475601,0
0.9343434343431609,1.0,0.8975110907425947,0
0.9242424242421088,1.0,0.8991053705688626,0
0.9141414141410567,1.0,0.8927360519365791,0
0.9040404040400045,1.0,0.8994200199149066,0
0.8939393939389524,1.0,0.9106777418231764,0
0.8838383838379058,1.0,0.9236809089941888,0
0.8737373737368908,1.0,0.951867628047651,0
0.8636363636359241,1.0,0.9844649297913898,0
0.853535353534982,1.0,0.9953204282065943,0
0.843434343434042,1.0,1.026036357696501,0
0.833333333333102,1.0,1.0519075040196866,0
0.823232323232162,1.0,1.0568443960021356,0
0.813131313131222,1.0,1.0830790729990663,0
0.803030303030282,1.0,1.1048129454950317,0
0.792929292929342,1.0,1.1101627953157482,0
0.782828282828402,1.0,1.11731707197398,0
0.772727272727462,1.0,1.1255393930403037,0
0.762626262626522,1.0,1.1177327552197698,0
0.752525252525582,1.0,1.1023382329619011,0
0.742424242424642,1.0,1.070246970037448,0
0.732323232323702,1.0,1.0516158376817193,0
0.7222222222227619,1.0,1.0186302679515338,0
0.7121212121218219,1.0,0.9869027635178313,0
0.7020202020208819,1.0,0.948542143652605,0
0.6919191919199418,1.0,0.9185432864972423,0
0.6818181818190018,1.0,0.8964063214908032,0
0.6717171717180618,1.0,0.8731810273740024,0
0.6616161616171218,1.0,0.8738985581425165,0
0.6515151515161817,1.0,0.9030063539406399,0
0.6414141414152416,1.0,0.934166022022895,0
0.6313131313143016,1.0,0.9764958734811949,0
0.6212121212133616,1.0,1.0262794475026136,0
0.6111111111124216,1.0,1.0626701416235687,0
0.6010101010114816,1.0,1.091134361494889,0
0.5909090909105414,1.0,1.114110462100013,0
0.5808080808096014,1.0,1.1044453772553688,0
0.5707070707086614,1.0,1.077878935472407,0
0.5606060606077213,1.0,1.0415892151011397,0
0.5505050505067813,1.0,0.9782449139252863,0
0.5404040404058413,1.0,0.9310000958955794,0
0.5303030303049012,1.0,0.8981171631936332,0
0.5202020202039612,1.0,0.886257392991179,0
0.5101010101030173,1.0,0.9115308816672191,0
0.5000000000020455,1.0,0.9785456225428065,0
0.4898989899010252,1.0,1.0455225912669213,0
0.47979797979997685,1.0,1.0877034544393744,0
0.4696969696989247,1.0,1.1145133713596431,0
0.4595959595978726,1.0,1.0953517896236031,0
0.4494949494968204,1.0,1.0258765141472292,0
0.4393939393957683,1.0,0.9595745476926957,0
0.4292929292947162,1.0,0.9005656124047083,0
0.41919191919366405,1.0,0.8988118128002324,0
0.4090909090926118,1.0,0.9553982671770055,0
0.3989898989915597,1.0,1.0383183565605965,0
0.38888888889050754,1.0,1.099019063471995,0
0.3787878787894555,1.0,1.1030871574338885,0
0.3686868686884034,1.0,1.0378947675663803,0
0.35858585858735115,1.0,0.9419184196868565,0
0.348484848486299,1.0,0.8946757741686961,0
0.33838383838524677,1.0,0.9388338223764328,0
0.3282828282841947,1.0,1.0372273390229232,0
0.3181818181831426,1.0,1.108017430198719,0
0.3080808080820905,1.0,1.0815446503453736,0
0.2979797979810383,1.0,0.9904180756795333,0
0.2878787878799861,1.0,0.9104477341635189,0
0.277777777778934,1.0,0.9435206330780942,0
0.2676767676778819,1.0,1.0469774930420237,0
0.2575757575768297,1.0,1.1084712305369646,0
0.24747474747577755,1.0,1.058981786077173,0
0.23737373737472545,1.0,0.9330102243340018,0
0.22727272727367331,1.0,0.9116667362017169,0
0.2171717171726211,1.0,1.019096962755257,0
0.207070707071569,1.0,1.0864146139753343,0
0.19696969697051697,1.0,1.0342071802386987,0
0.18686868686946476,1.0,0.9114095246529513,0
0.17676767676841254,1.0,0.9132440734556476,0
0.1666666666673604,1.0,1.026873447279565,0
0.15656565656630825,1.0,1.0766090422114347,0
0.14646464646525614,1.0,0.9837845741259951,0
0.136363636364204,1.0,0.9017463659726286,0
0.12626262626315185,1.0,0.9997061524099835,0
0.11616161616209975,1.0,1.0875307382962602,0
0.10606060606104754,1.0,1.028917832917935,0
0.09595959595999534,1.0,0.9376193495830214,0
0.08585858585894329,1.0,1.0026371215894148,0
0.07575757575789122,1.0,1.0956751606405546,0
0.06565656565683903,1.0,1.0401809558027921,0
0.05555555555578684,1.0,0.9358008484971814,0
0.04545454545473471,1.0,1.0069892215702008,0
0.03535353535368252,1.0,1.080236513229066,0
0.02525252525263039,1.0,0.982636967567534,0
0.01515151515157831,1.0,0.9105200596744778,0
0.0,0.9848484848484218,0.9696835747823297,0
0.0,0.9747474747473697,0.9275446439549969,0
0.0,0.9646464646463174,0.937290713484151,0
0.0,0.9545454545452653,0.984524531282673,0
0.0,0.9444444444442132,1.0521236646506342,0
0.0,0.9343434343431609,1.0913742413650687,0
0.0,0.9242424242421088,1.0746098111577314,0
0.0,0.9141414141410567,1.0241944934195535,0
0.0,0.9040404040400045,0.9554088389189249,0
0.0,0.8939393939389524,0.9054514157802741,0
0.0,0.8838383838379058,0.9021455319456635,0
0.0,0.8737373737368908,0.9728773472014335,0
0.0,0.8636363636359241,1.0275820005791911,0
0.0,0.853535353534982,1.10487822369254,0
0.0,0.843434343434042,1.1201585446229427,0
0.0,0.833333333333102,1.0775556992543986,0
0.0,0.823232323232162,1.0062680261068448,0
0.0,0.813131313131222,0.9291731904868031,0
0.0,0.803030303030282,0.8754904486897512,0
0.0,0.792929292929342,0.8675216930047935,0
0.0,0.782828282828402,0.913500725728153,0
0.0,0.772727272727462,0.9893774149029971,0
0.0,0.762626262626522,1.0612328346983586,0
0.0,0.752525252525582,1.0943547155413968,0
0.0,0.742424242424642,1.1382109946348256,0
0.0,0.732323232323702,1.1483631991347705,0
0.0,0.7222222222227619,1.146260312256766,0
0.0,0.7121212121218219,1.1309431108179506,0
0.0,0.7020202020208819,1.1000710677492658,0
0.0,0.6919191919199418,1.0378752369970028,0
0.0,0.6818181818190018,0.9709839667591745,0
0.0,0.6717171717180618,0.8750195786859883,0
0.0,0.6616161616171218,0.7563485733339934,0
0.0,0.6515151515161817,0.689172142601382,0
0.0,0.6414141414152416,0.6421334560224179,0
0.0,0.6313131313143016,0.6034103403158011,0
0.0,0.6212121212133616,0.6686530372127963,0
0.0,0.6111111111124216,0.6661852757715913,0
0.0,0.6010101010114816,0.6927525353220683,0
0.0,0.5909090909105414,0.7439704184765982,0
0.0,0.5808080808096014,0.6151875963227391,0
0.0,0.5707070707086614,0.6630745867972514,0
0.0,0.5606060606077213,0.5306056345459449,0
0.0,0.5505050505067813,0.6662539081742257,0
0.0,0.5404040404058413,0.6609566278545694,0
0.0,0.5303030303049012,0.7233666890459751,0
0.0,0.5202020202039612,0.7908388014573363,0
0.0,0.5101010101030173,0.82950448605893,0
0.0,0.5000000000020455,0.8318121284833949,0
0.0,0.4898989899010252,0.7672444461858677,0
0.0,0.47979797979997685,0.731172567450942,0
0.0,0.4696969696989247,0.7730290111105953,0
0.0,0.4595959595978726,0.5108330296465844,0
0.0,0.4494949494968204,0.6263256851311508,0
0.0,0.4393939393957683,0.5891257994052455,0
0.0,0.4292929292947162,0.6079735495359141,0
0.0,0.41919191919366405,0.611012658820367,0
0.0,0.4090909090926118,0.6442467293565726,0
0.0,0.3989898989915597,0.6525745993496698,0
0.0,0.38888888889050754,0.6388724905672841,0
0.0,0.3787878787894555,0.673127167668794,0
0.0,0.3686868686884034,0.6262147843706762,0
0.0,0.35858585858735115,0.6426667030547065,0
0.0,0.348484848486299,0.6930599171320129,0
0.0,0.33838383838524677,0.7744643307089863,0
0.0,0.3282828282841947,0.8674207399425451,0
0.0,0.3181818181831426,0.9605630094429323,0
0.0,0.3080808080820905,1.0370367761112242,0
0.0,0.2979797979810383,1.0900536535052143,0
0.0,0.2878787878799861,1.1223671277181047,0
0.0,0.277777777778934,1.1423396330756308,0
0.0,0.2676767676778819,1.1412916341381247,0
0.0,0.2575757575768297,1.1386519037574443,0
0.0,0.24747474747577755,1.1128411576941593,0
0.0,0.23737373737472545,1.0652837621697604,0
0.0,0.22727272727367331,0.9687580349773944,0
0.0,0.2171717171726211,0.9242585669354361,0
0.0,0.207070707071569,0.8697523121239782,0
0.0,0.19696969697051697,0.871038772696167,0
0.0,0.18686868686946476,0.9249559858530788,0
0.0,0.17676767676841254,0.9947739406567804,0
0.0,0.1666666666673604,1.0904207476686827,0
0.0,0.15656565656630825,1.1187081976839341,0
0.0,0.14646464646525614,1.1000816098077937,0
0.0,0.136363636364204,1.0422410504802437,0
0.0,0.12626262626315185,0.9730876947107701,0
0.0,0.11616161616209975,0.9080610197598654,0
0.0,0.10606060606104754,0.9077819019697934,0
0.0,0.09595959595999534,0.9578265760150944,0
0.0,0.08585858585894329,1.0272239824327476,0
0.0,0.07575757575789122,1.0782473824956715,0
0.0,0.06565656565683903,1.086282848822516,0
0.0,0.05555555555578684,1.0491703847281353,0
0.0,0.04545454545473471,0.9876476966378452,0
0.0,0.03535353535368252,0.9398277026997959,0
0.0,0.02525252525263039,0.9357438125040957,0
0.0,0.01515151515157831,0.9681616043837588,0
0.00505050505049548,0.0,0.9558428692032954,90
0.9949494949494817,0.0,0.9558397594116319,90
0.015151515151486524,0.0,0.9674663016401872,90
0.025252525252477356,0.0,0.9851281302849122,90
0.0353535353534669,0.0,1.0019041480558595,90
0.04545454545445497,0.0,1.0319512697161193,90
0.0555555555554431,0.0,1.0602963513788561,90
0.06565656565643357,0.0,1.087320071605286,90
0.07575757575742703,0.0,1.0965215304622726,90
0.08585858585842165,0.0,1.0429195498362553,90
0.09595959595941628,0.0,0.9790088550629579,90
0.1060606060604109,0.0,0.9111735554739867,90
0.11616161616140486,0.0,0.8671209081899293,90
0.12626262626239484,0.0,0.8762392803153906,90
0.13636363636337873,0.0,0.9308280142940509,90
0.14646464646435964,0.0,0.9818489140546316,90
0.1565656565653403,0.0,1.0241654469203019,90
0.1666666666663209,0.0,1.0446212665214074,90
0.17676767676730148,0.0,1.0478841776683447,90
0.18686868686828212,0.0,1.0551898248818468,90
0.1969696969692627,0.0,1.0795355007328469,90
0.20707070707024333,0.0,1.119477417474802,90
0.21717171717122402,0.0,1.1610165087448323,90
0.2272727272722046,0.0,1.187337995717417,90
0.23737373737318518,0.0,1.175678719965471,90
0.24747474747416578,0.0,1.1498058053694873,90
0.2575757575751464,0.0,1.1057016800007309,90
0.267676767676127,0.0,1.0671994970441525,90
0.27777777777710766,0.0,1.0725576168985334,90
0.2878787878780883,0.0,1.1085238373905306,90
0.2979797979790689,0.0,1.1563009825976571,90
0.3080808080800495,0.0,1.2021107914008204,90
0.3181818181810302,0.0,1.2153157723801378,90
0.32828282828201083,0.0,1.194913803936093,90
0.3383838383829914,0.0,1.1545291077974102,90
0.348484848483972,0.0,1.1359292889661787,90
0.3585858585849525,0.0,1.1648584108739393,90
0.3686868686859332,0.0,1.2462590901765036,90
0.3787878787869139,0.0,1.358001995768883,90
0.3888888888878945,0.0,1.4681018603008542,90
0.3989898989888751,0.0,1.5300353314743227,90
0.4090909090898557,0.0,1.5178134349760484,90
0.4191919191908363,0.0,1.410434482101875,90
0.42929292929181695,0.0,1.2528990541355052,90
0.4393939393927976,0.0,1.143915428612188,90
0.4494949494937782,0.0,1.1243685701829256,90
0.4595959595947588,0.0,1.2800118499557536,90
0.4696969696957394,0.0,1.5771020366153017,90
0.47979797979672,0.0,1.8921063027565244,90
0.48989898989770253,0.0,2.1031487383635064,90
0.49999999999869915,0.0,2.1758351247681382,90
0.5101010100997199,0.0,2.0895100164883162,90
0.5202020202007547,0.0,1.8667371826500212,90
0.5303030303017915,0.0,1.5538443264017814,90
0.5404040404028283,0.0,1.2460829159359705,90
0.550505050503865,0.0,1.076373860009449,90
0.5606060606049017,0.0,1.0915879026157558,90
0.5707070707059385,0.0,1.2474726724825114,90
0.5808080808069753,0.0,1.4135076512527744,90
0.5909090909080119,0.0,1.520263518449315,90
0.6010101010090487,0.0,1.536084555819554,90
0.6111111111100854,0.0,1.4673354899493498,90
0.6212121212111221,0.0,1.3652457097588508,90
0.6313131313121589,0.0,1.2558076785914118,90
0.6414141414131957,0.0,1.1629139552015437,90
0.6515151515142324,0.0,1.1728224778254046,90
0.6616161616152691,0.0,1.131969806869733,90
0.671717171716306,0.0,1.17041402777907,90
0.6818181818173427,0.0,1.1886821595450188,90
0.6919191919183794,0.0,1.1778797573177253,90
0.7020202020194162,0.0,1.1453914222034913,90
0.7121212121204528,0.0,1.1005667930141174,90
0.7222222222214896,0.0,1.06650257630861,90
0.7323232323225264,0.0,1.0617416203009795,90
0.7424242424235631,0.0,1.0927487632211066,90
0.7525252525245998,0.0,1.13989357632468,90
0.7626262626256366,0.0,1.1759505918966224,90
0.7727272727266734,0.0,1.1836418408385818,90
0.7828282828277101,0.0,1.1609157312111715,90
0.7929292929287468,0.0,1.119948021465248,90
0.8030303030297836,0.0,1.07955612486681,90
0.8131313131308202,0.0,1.0558564631554468,90
0.823232323231857,0.0,1.0485505272553188,90
0.8333333333328938,0.0,1.0443677714327593,90
0.8434343434339305,0.0,1.0255647820880527,90
0.8535353535349672,0.0,0.9866996270665063,90
0.863636363636004,0.0,0.9280521812971398,90
0.8737373737370409,0.0,0.8771654675871904,90
0.8838383838380776,0.0,0.8682895896109956,90
0.8939393939391143,0.0,0.9077526377713301,90
0.9040404040401511,0.0,0.9759385933146206,90
0.9141414141411878,0.0,1.0410608090274156,90
0.9242424242422245,0.0,1.0791466546465556,90
0.9343434343432613,0.0,1.0817172848366112,90
0.944444444444298,0.0,1.0584124633961562,90
0.9545454545453347,0.0,1.024218496218717,90
0.9646464646463715,0.0,1.0050418007913957,90
0.9747474747474083,0.0,0.9736445017623145,90
0.984848484848445,0.0,0.9721079577889383,90
0.0,0.00505050505052612,0.9719218329196416,90
1.0,0.00505050505049548,0.971918510127335,90
1.0,0.9949494949494817,1.0378145701964099,90
0.9949494949494739,1.0,0.9901809825822564,90
0.00505050505052612,1.0,0.990178311591798,90
0.0,0.9949494949494739,1.0378123789998162,90
1.0,0.015151515151486524,1.0573835470084465,90
1.0,0.025252525252477356,1.0063164869747012,90
1.0,0.0353535353534669,0.916060882375214,90
1.0,0.04545454545445497,1.0353048445884343,90
1.0,0.0555555555554431,1.084669536274298,90
1.0,0.06565656565643357,0.9434117597311429,90
1.0,0.07575757575742703,0.9592026972293786,90
1.0,0.08585858585842165,1.1024247764972566,90
1.0,0.09595959595941628,1.0389523574877724,90
1.0,0.1060606060604109,0.9181094417701405,90
1.0,0.11616161616140486,1.011506158671719,90
1.0,0.12626262626239484,1.0753164527557584,90
1.0,0.13636363636337873,0.9608614053368398,90
1.0,0.14646464646435964,0.9403823776847219,90
1.0,0.1565656565653403,1.0377457344311478,90
1.0,0.1666666666663209,1.015655824076076,90
1.0,0.17676767676730148,0.9289937782103114,90
1.0,0.18686868686828212,0.9936859695069231,90
1.0,0.1969696969692627,1.06267865629557,90
1.0,0.20707070707024333,0.9818030812632651,90
1.0,0.21717171717122402,0.9197750508203207,90
1.0,0.2272727272722046,1.0147183516355298,90
1.0,0.23737373737318518,1.0963676552872206,90
1.0,0.24747474747416578,0.995290348184287,90
1.0,0.2575757575751464,0.9019807082483476,90
1.0,0.267676767676127,1.0289792286140496,90
1.0,0.27777777777710766,1.111423937437515,90
1.0,0.2878787878780883,1.0283398155835326,90
1.0,0.2979797979790689,0.8970319390313906,90
1.0,0.3080808080800495,0.9453525714676351,90
1.0,0.3181818181810302,1.0703698821362353,90
1.0,0.32828282828201083,1.0892847790148077,90
1.0,0.3383838383829914,0.9751236291180327,90
1.0,0.348484848483972,0.8827576851907826,90
1.0,0.3585858585849525,0.9471906303650128,90
1.0,0.3686868686859332,1.0682994983164191,90
1.0,0.3787878787869139,1.0999037490338388,90
1.0,0.3888888888878945,1.0159804774349717,90
1.0,0.3989898989888751,0.9051421099707203,90
1.0,0.4090909090898557,0.8979367641120329,90
1.0,0.4191919191908363,0.9943368285874409,90
1.0,0.42929292929181695,1.089732250333849,90
1.0,0.4393939393927976,1.1168131335844274,90
1.0,0.4494949494937782,1.0537212741037054,90
1.0,0.4595959595947588,0.9673692874805727,90
1.0,0.4696969696957394,0.8968705131472338,90
1.0,0.47979797979672,0.9099432272918002,90
1.0,0.48989898989770253,0.9746860413020035,90
1.0,0.49999999999869915,1.064407461827874,90
1.0,0.5101010100997199,1.1269357401943287,90
1.0,0.5202020202007547,1.1243600971968388,90
1.0,0.5303030303017915,1.082756316885909,90
1.0,0.5404040404028283,1.0108140790159958,90
1.0,0.550505050503865,0.946897060417238,90
1.0,0.5606060606049017,0.8901175913425344,90
1.0,0.5707070707059385,0.8730448919538233,90
1.0,0.5808080808069753,0.8931953604924283,90
1.0,0.5909090909080119,0.9380721994988847,90
1.0,0.6010101010090487,1.0042229912741443,90
1.0,0.6111111111100854,1.0618529595267288,90
1.0,0.6212121212111221,1.101316737860724,90
1.0,0.6313131313121589,1.115680969511947,90
1.0,0.6414141414131957,1.1154757161965283,90
1.0,0.6515151515142324,1.0992867015516594,90
1.0,0.6616161616152691,1.073677246413322,90
1.0,0.671717171716306,1.040435159812132,90
1.0,0.6818181818173427,0.997900873117726,90
1.0,0.6919191919183794,0.9612440540751812,90
1.0,0.7020202020194162,0.9206051754812743,90
1.0,0.7121212121204528,0.8835275434310357,90
1.0,0.7222222222214896,0.8698686373524863,90
1.0,0.7323232323225264,0.8626776380882207,90
1.0,0.7424242424235631,0.8633656042868685,90
1.0,0.7525252525245998,0.8816565197930454,90
1.0,0.7626262626256366,0.9154218489625311,90
1.0,0.7727272727266734,0.9433984294883273,90
1.0,0.7828282828277101,0.9828368411823161,90
1.0,0.7929292929287468,1.0148483288497878,90
1.0,0.8030303030297836,1.0201066408971184,90
1.0,0.8131313131308202,1.0564836766450145,90
1.0,0.823232323231857,1.0792069300764657,90
1.0,0.8333333333328938,1.0838514833912103,90
1.0,0.8434343434339305,1.0978824404323027,90
1.0,0.8535353535349672,1.119232845812122,90
1.0,0.863636363636004,1.1136523588704146,90
1.0,0.8737373737370409,1.1299205274320494,90
1.0,0.8838383838380776,1.140374539309792,90
1.0,0.8939393939391143,1.1356273868322975,90
1.0,0.9040404040401511,1.1363646189278398,90
1.0,0.9141414141411878,1.1365173816596215,90
1.0,0.9242424242422245,1.115605425681619,90
1.0,0.9343434343432613,1.1102736720218824,90
1.0,0.944444444444298,1.1116882796786653,90
1.0,0.9545454545453347,1.088335175811433,90
1.0,0.9646464646463715,1.0729260807264254,90
1.0,0.9747474747474083,1.0744549489191195,90
1.0,0.984848484848445,1.0607617574197215,90
0.9848484848484218,1.0,0.8649823234335015,90
0.9747474747473697,1.0,0.7596917013705932,90
0.9646464646463174,1.0,0.6961563485140152,90
0.9545454545452653,1.0,0.705428072851585,90
0.9444444444442132,1.0,0.7801806813983955,90
0.9343434343431609,1.0,0.9049336490975914,90
0.9242424242421088,1.0,1.0366253137958779,90
0.9141414141410567,1.0,1.1489790385390353,90
0.9040404040400045,1.0,1.2366983230209798,90
0.8939393939389524,1.0,1.2915804520158667,90
0.8838383838379058,1.0,1.31341744055637,90
0.8737373737368908,1.0,1.3130802347791066,90
0.8636363636359241,1.0,1.2999380239682903,90
0.853535353534982,1.0,1.2789571630527923,90
0.843434343434042,1.0,1.2470603688692103,90
0.833333333333102,1.0,1.2025697083666542,90
0.823232323232162,1.0,1.141535389698805,90
0.813131313131222,1.0,1.0641301963407663,90
0.803030303030282,1.0,0.9773602529526855,90
0.792929292929342,1.0,0.8826857083546756,90
0.782828282828402,1.0,0.7873317957409206,90
0.772727272727462,1.0,0.7009970795093476,90
0.762626262626522,1.0,0.6239731112311038,90
0.752525252525582,1.0,0.5581394053706826,90
0.742424242424642,1.0,0.5092173591395056,90
0.732323232323702,1.0,0.4662405226226658,90
0.7222222222227619,1.0,0.4222241315056888,90
0.7121212121218219,1.0,0.3752859410743373,90
0.7020202020208819,1.0,0.32397142006155866,90
0.6919191919199418,1.0,0.2720189698072785,90
0.6818181818190018,1.0,0.2260909709322429,90
0.6717171717180618,1.0,0.1909688410906673,90
0.6616161616171218,1.0,0.1692970287012521,90
0.6515151515161817,1.0,0.16064099509313617,90
0.6414141414152416,1.0,0.15877930288491568,90
0.6313131313143016,1.0,0.15508100684078271,90
0.6212121212133616,1.0,0.14044597673405543,90
0.6111111111124216,1.0,0.11336454016683352,90
0.6010101010114816,1.0,0.08146413362667551,90
0.5909090909105414,1.0,0.06734927431399353,90
0.5808080808096014,1.0,0.0757505784381451,90
0.5707070707086614,1.0,0.08599962305392782,90
0.5606060606077213,1.0,0.0840949757209384,90
0.5505050505067813,1.0,0.06554556926874938,90
0.5404040404058413,1.0,0.038586134891072765,90
0.5303030303049012,1.0,0.011032979791709014,90
0.5202020202039612,1.0,0.042178459825428415,90
0.5101010101030173,1.0,0.07355369047539632,90
0.5000000000020455,1.0,0.08576418505918962,90
0.4898989899010252,1.0,0.07378578768595048,90
0.47979797979997685,1.0,0.04264171705688108,90
0.4696969696989247,1.0,0.011894550701394238,90
0.4595959595978726,1.0,0.039092590303408274,90
0.4494949494968204,1.0,0.06591526614676704,90
0.4393939393957683,1.0,0.08401273674182413,90
0.4292929292947162,1.0,0.08544669484433771,90
0.41919191919366405,1.0,0.07641735795378363,90
0.4090909090926118,1.0,0.06735981093764164,90
0.3989898989915597,1.0,0.08143726302020149,90
0.38888888889050754,1.0,0.11330464857123543,90
0.3787878787894555,1.0,0.14056889581110177,90
0.3686868686884034,1.0,0.1552595201639219,90
0.35858585858735115,1.0,0.15914237473065737,90
0.348484848486299,1.0,0.16131317014560176,90
0.33838383838524677,1.0,0.170382247842322,90
0.3282828282841947,1.0,0.19247398810060154,90
0.3181818181831426,1.0,0.22853316240269184,90
0.3080808080820905,1.0,0.27295463022190614,90
0.2979797979810383,1.0,0.32338867222611,90
0.2878787878799861,1.0,0.3705998332840864,90
0.277777777778934,1.0,0.4231842681325726,90
0.2676767676778819,1.0,0.4662203795489971,90
0.2575757575768297,1.0,0.5102823611535159,90
0.24747474747577755,1.0,0.5611056824255449,90
0.23737373737472545,1.0,0.6284502477369903,90
0.22727272727367331,1.0,0.7033661592976217,90
0.2171717171726211,1.0,0.7893528392649494,90
0.207070707071569,1.0,0.8813249920138074,90
0.19696969697051697,1.0,0.976762067384019,90
0.18686868686946476,1.0,1.0670801046178189,90
0.17676767676841254,1.0,1.13858218347014,90
0.1666666666673604,1.0,1.1979216302782356,90
0.15656565656630825,1.0,1.245445877725184,90
0.14646464646525614,1.0,1.275222055734529,90
0.136363636364204,1.0,1.301015522244356,90
0.12626262626315185,1.0,1.3135290231639305,90
0.11616161616209975,1.0,1.3130905107696609,90
0.10606060606104754,1.0,1.2911799097572068,90
0.09595959595999534,1.0,1.2375425638664517,90
0.08585858585894329,1.0,1.151101571944518,90
0.07575757575789122,1.0,1.0373023061006337,90
0.06565656565683903,1.0,0.9040011681226668,90
0.05555555555578684,1.0,0.7799985114150724,90
0.04545454545473471,1.0,0.7053235328678201,90
0.03535353535368252,1.0,0.696075654959115,90
0.02525252525263039,1.0,0.7596758423662778,90
0.01515151515157831,1.0,0.8650687844338073,90
0.0,0.9848484848484218,1.0607593792479284,90
0.0,0.9747474747473697,1.0745435614586734,90
0.0,0.9646464646463174,1.0730230773930747,90
0.0,0.9545454545452653,1.088508540886969,90
0.0,0.9444444444442132,1.1119654343378573,90
0.0,0.9343434343431609,1.1103358769318816,90
0.0,0.9242424242421088,1.1156828757207224,90
0.0,0.9141414141410567,1.1365378626767089,90
0.0,0.9040404040400045,1.1363691056625098,90
0.0,0.8939393939389524,1.1356206701699785,90
0.0,0.8838383838379058,1.1403074176739911,90
0.0,0.8737373737368908,1.1298655291649793,90
0.0,0.8636363636359241,1.1135759026329022,90
0.0,0.853535353534982,1.1191466903538654,90
0.0,0.843434343434042,1.097801797788548,90
0.0,0.833333333333102,1.0837652997794986,90
0.0,0.823232323232162,1.079130802563431,90
0.0,0.813131313131222,1.056348122437359,90
0.0,0.803030303030282,1.0198756811043248,90
0.0,0.792929292929342,1.0146512623773194,90
0.0,0.782828282828402,0.982611900867662,90
0.0,0.772727272727462,0.9432217221551178,90
0.0,0.762626262626522,0.9153156674221719,90
0.0,0.752525252525582,0.8815799878850016,90
0.0,0.742424242424642,0.8633819404450808,90
0.0,0.732323232323702,0.862678871072811,90
0.0,0.7222222222227619,0.8699124873819981,90
0.0,0.7121212121218219,0.8835464780492555,90
0.0,0.7020202020208819,0.9202547719039191,90
0.0,0.6919191919199418,0.9589179498141913,90
0.0,0.6818181818190018,0.996246504782483,90
0.0,0.6717171717180618,1.038715736544402,90
0.0,0.6616161616171218,1.0709890986565898,90
0.0,0.6515151515161817,1.0978540477913583,90
0.0,0.6414141414152416,1.1153011114482603,90
0.0,0.6313131313143016,1.1169116886018087,90
0.0,0.6212121212133616,1.1029729406446525,90
0.0,0.6111111111124216,1.0614945709624384,90
0.0,0.6010101010114816,1.0062977133984639,90
0.0,0.5909090909105414,0.9450640656341233,90
0.0,0.5808080808096014,0.8888211886342766,90
0.0,0.5707070707086614,0.8735988739351926,90
0.0,0.5606060606077213,0.8933576687486993,90
0.0,0.5505050505067813,0.9414142869058338,90
0.0,0.5404040404058413,1.017329408830313,90
0.0,0.5303030303049012,1.0769546203203264,90
0.0,0.5202020202039612,1.1248478205455694,90
0.0,0.5101010101030173,1.1270978443756385,90
0.0,0.5000000000020455,1.0632376660201646,90
0.0,0.4898989899010252,0.974365438438713,90
0.0,0.47979797979997685,0.902139282814105,90
0.0,0.4696969696989247,0.8971735202073414,90
0.0,0.4595959595978726,0.9709310664240753,90
0.0,0.4494949494968204,1.0601015803319012,90
0.0,0.4393939393957683,1.1170470758636406,90
0.0,0.4292929292947162,1.0888675444539506,90
0.0,0.41919191919366405,0.9958956449240552,90
0.0,0.4090909090926118,0.8901344349032194,90
0.0,0.3989898989915597,0.9088126596400199,90
0.0,0.38888888889050754,1.018910891170011,90
0.0,0.3787878787894555,1.0943549883838897,90
0.0,0.3686868686884034,1.0641231932684512,90
0.0,0.35858585858735115,0.94774270848009,90
0.0,0.348484848486299,0.8832633033450825,90
0.0,0.33838383838524677,0.97293606253735,90
0.0,0.3282828282841947,1.0857800516879,90
0.0,0.3181818181831426,1.0714768156675871,90
0.0,0.3080808080820905,0.9434165920002641,90
0.0,0.2979797979810383,0.8992593181311266,90
0.0,0.2878787878799861,1.0248447095412256,90
0.0,0.277777777778934,1.1112222849103721,90
0.0,0.2676767676778819,1.0271159056757464,90
0.0,0.2575757575768297,0.9047887520379487,90
0.0,0.24747474747577755,0.98137730688421,90
0.0,0.23737373737472545,1.0953279545797727,90
0.0,0.22727272727367331,1.0260589411194339,90
0.0,0.2171717171726211,0.9246180054220325,90
0.0,0.207070707071569,0.9809522761045095,90
0.0,0.19696969697051697,1.0625758850897156,90
0.0,0.18686868686946476,0.9930393797977176,90
0.0,0.17676767676841254,0.9289924760841708,90
0.0,0.1666666666673604,1.0174195477844945,90
0.0,0.15656565656630825,1.0371393658247836,90
0.0,0.14646464646525614,0.9394140273996685,90
0.0,0.136363636364204,0.962443739560236,90
0.0,0.12626262626315185,1.0737317500135781,90
0.0,0.11616161616209975,1.0097394722496897,90
0.0,0.10606060606104754,0.9177494325569773,90
0.0,0.09595959595999534,1.0390405647309349,90
0.0,0.08585858585894329,1.1022860584029501,90
0.0,0.07575757575789122,0.9582660140564192,90
0.0,0.06565656565683903,0.9427484925953575,90
0.0,0.05555555555578684,1.0847121929427472,90
0.0,0.04545454545473471,1.0351025693657236,90
0.0,0.03535353535368252,0.9160599476139403,90
0.0,0.02525252525263039,1.0035227539724365,90
0.0,0.01515151515157831,1.0587557718375826,90
0.00505050505049548,0.0,0.9215734335703532,180
0.9949494949494817,0.0,1.007942862028193,180
0.015151515151486524,0.0,0.8979475812615697,180
0.025252525252477356,0.0,0.8943041812343226,180
0.0353535353534669,0.0,0.9162820714293365,180
0.04545454545445497,0.0,0.9128255013783755,180
0.0555555555554431,0.0,0.9054096751636658,180
0.06565656565643357,0.0,0.925169679345029,180
0.07575757575742703,0.0,0.9283501395107869,180
0.08585858585842165,0.0,0.9128134005583113,180
0.09595959595941628,0.0,0.9209195271271441,180
0.1060606060604109,0.0,0.930683054456856,180
0.11616161616140486,0.0,0.9320187205716189,180
0.12626262626239484,0.0,0.948661534681102,180
0.13636363636337873,0.0,0.9724424222865242,180
0.14646464646435964,0.0,0.9928542120978839,180
0.1565656565653403,0.0,1.0206540262057062,180
0.1666666666663209,0.0,1.0495717398386561,180
0.17676767676730148,0.0,1.0629528195933962,180
0.18686868686828212,0.0,1.0730290930831854,180
0.1969696969692627,0.0,1.0877746209234835,180
0.20707070707024333,0.0,1.0915134064194085,180
0.21717171717122402,0.0,1.090498064871115,180
0.2272727272722046,0.0,1.0965997200950393,180
0.23737373737318518,0.0,1.0996323224606714,180
0.24747474747416578,0.0,1.0849900695570476,180
0.2575757575751464,0.0,1.0629418743444203,180
0.267676767676127,0.0,1.04058474003114,180
0.27777777777710766,0.0,1.0099490470553403,180
0.2878787878780883,0.0,0.9748234163300866,180
0.2979797979790689,0.0,0.9462929180796782,180
0.3080808080800495,0.0,0.9259626752990471,180
0.3181818181810302,0.0,0.9055128269241992,180
0.32828282828201083,0.0,0.8883788067573153,180
0.3383838383829914,0.0,0.8930497613983275,180
0.348484848483972,0.0,0.9131552089029754,180
0.3585858585849525,0.0,0.9401996092508935,180
0.3686868686859332,0.0,0.9793014494383044,180
0.3787878787869139,0.0,1.0169589342208858,180
0.3888888888878945,0.0,1.0488955240704516,180
0.3989898989888751,0.0,1.0811105059817658,180
0.4090909090898557,0.0,1.1030691930106258,180
0.4191919191908363,0.0,1.0979651290103234,180
0.42929292929181695,0.0,1.0723467593072655,180
0.4393939393927976,0.0,1.040190138350223,180
0.4494949494937782,0.0,0.9861841421132311,180
0.4595959595947588,0.0,0.9406447316950683,180
0.4696969696957394,0.0,0.9085403775432354,180
0.47979797979672,0.0,0.8917594700891811,180
0.48989898989770253,0.0,0.9182052476041256,180
0.49999999999869915,0.0,0.9814923983167869,180
0.5101010100997199,0.0,1.036363892333343,180
0.5202020202007547,0.0,1.0781928557670608,180
0.5303030303017915,0.0,1.1060506345399403,180
0.5404040404028283,0.0,1.0908168292507037,180
0.550505050503865,0.0,1.0319942548872134,180
0.5606060606049017,0.0,0.9624400728102912,180
0.5707070707059385,0.0,0.9115836395915767,180
0.5808080808069753,0.0,0.9065309178179203,180
0.5909090909080119,0.0,0.9641428559810794,180
0.6010101010090487,0.0,1.0421499897392583,180
0.6111111111100854,0.0,1.0962308669536798,180
0.6212121212111221,0.0,1.0949072519038947,180
0.6313131313121589,0.0,1.0355008522906317,180
0.6414141414131957,0.0,0.9465609050976692,180
0.6515151515142324,0.0,0.9014793270507813,180
0.6616161616152691,0.0,0.9338776587002657,180
0.671717171716306,0.0,1.026322207980063,180
0.6818181818173427,0.0,1.0985746949187771,180
0.6919191919183794,0.0,1.0866579943323025,180
0.7020202020194162,0.0,0.9951113452301519,180
0.7121212121204528,0.0,0.9155093269352841,180
0.7222222222214896,0.0,0.9390276900588906,180
0.7323232323225264,0.0,1.0375938741401909,180
0.7424242424235631,0.0,1.102512159890314,180
0.7525252525245998,0.0,1.0525417284841037,180
0.7626262626256366,0.0,0.9381444556689938,180
0.7727272727266734,0.0,0.9112742505118451,180
0.7828282828277101,0.0,1.0075607304717766,180
0.7929292929287468,0.0,1.0846314666735957,180
0.8030303030297836,0.0,1.0381792654544224,180
0.8131313131308202,0.0,0.9211249743699549,180
0.823232323231857,0.0,0.9083085616524826,180
0.8333333333328938,0.0,1.0234343236952004,180
0.8434343434339305,0.0,1.072660998448562,180
0.8535353535349672,0.0,0.9814555785375341,180
0.863636363636004,0.0,0.9053627570852723,180
0.8737373737370409,0.0,0.9938522685539714,180
0.8838383838380776,0.0,1.0847443308422096,180
0.8939393939391143,0.0,1.0312339635985983,180
0.9040404040401511,0.0,0.9387124154199848,180
0.9141414141411878,0.0,0.9970142056098796,180
0.9242424242422245,0.0,1.094757324836425,180
0.9343434343432613,0.0,1.0386841539477292,180
0.944444444444298,0.0,0.9355270344591742,180
0.9545454545453347,0.0,1.0074773541936948,180
0.9646464646463715,0.0,1.0799014577337873,180
0.9747474747474083,0.0,0.9807960856734302,180
0.984848484848445,0.0,0.9121907735892185,180
0.0,0.00505050505052612,0.953009924911671,180
1.0,0.00505050505049548,1.0289686117431782,180
1.0,0.9949494949494817,1.0266086999948403,180
0.9949494949494739,1.0,1.004729591115724,180
0.00505050505052612,1.0,0.9265467431285886,180
0.0,0.9949494949494739,0.959987447530754,180
1.0,0.015151515151486524,0.9749711384947018,180
1.0,0.025252525252477356,0.9353392588166356,180
1.0,0.0353535353534669,0.9398353763846811,180
1.0,0.04545454545445497,0.9880055163649192,180
1.0,0.0555555555554431,1.0494128593678267,180
1.0,0.06565656565643357,1.0862449366252767,180
1.0,0.07575757575742703,1.0787094522294296,180
1.0,0.08585858585842165,1.0275870449712832,180
1.0,0.09595959595941628,0.958234698543773,180
1.0,0.1060606060604109,0.908408996356521,180
1.0,0.11616161616140486,0.9066961443023799,180
1.0,0.12626262626239484,0.9609539587431217,180
1.0,0.13636363636337873,1.0474179514060313,180
1.0,0.14646464646435964,1.1001598950323608,180
1.0,0.1565656565653403,1.1173792434510657,180
1.0,0.1666666666663209,1.0847338961320534,180
1.0,0.17676767676730148,0.9922722521078835,180
1.0,0.18686868686828212,0.924987844555581,180
1.0,0.1969696969692627,0.8709910295504173,180
1.0,0.20707070707024333,0.8709761442758183,180
1.0,0.21717171717122402,0.9139987218906064,180
1.0,0.2272727272722046,0.968871193132105,180
1.0,0.23737373737318518,1.0471571236079338,180
1.0,0.24747474747416578,1.1064635813940094,180
1.0,0.2575757575751464,1.138405845324889,180
1.0,0.267676767676127,1.1497739394379116,180
1.0,0.27777777777710766,1.1452875783696026,180
1.0,0.2878787878780883,1.1284995960578388,180
1.0,0.2979797979790689,1.0668914793458177,180
1.0,0.3080808080800495,1.0425889471836678,180
1.0,0.3181818181810302,0.9791140622140204,180
1.0,0.32828282828201083,0.8940093730596596,180
1.0,0.3383838383829914,0.7854881643011634,180
1.0,0.348484848483972,0.6930308201252623,180
1.0,0.3585858585849525,0.6461968485009675,180
1.0,0.3686868686859332,0.6453238996065755,180
1.0,0.3787878787869139,0.5996790540436885,180
1.0,0.3888888888878945,0.6841050111387724,180
1.0,0.3989898989888751,0.6806093895649917,180
1.0,0.4090909090898557,0.6717006323891165,180
1.0,0.4191919191908363,0.6482461777382508,180
1.0,0.42929292929181695,0.6089340294654813,180
1.0,0.4393939393927976,0.5828051868959999,180
1.0,0.4494949494937782,0.6773716879162504,180
1.0,0.4595959595947588,0.5594295135191889,180
1.0,0.4696969696957394,0.7970009468868264,180
1.0,0.47979797979672,0.8222670664217411,180
1.0,0.48989898989770253,0.8399309944067062,180
1.0,0.49999999999869915,0.8536658843919477,180
1.0,0.5101010100997199,0.8277250675619239,180
1.0,0.5202020202007547,0.7873643503928612,180
1.0,0.5303030303017915,0.6271452083256274,180
1.0,0.5404040404028283,0.7820819951412409,180
1.0,0.550505050503865,0.6298125480162476,180
1.0,0.5606060606049017,0.5959824015985299,180
1.0,0.5707070707059385,0.6182035901740776,180
1.0,0.5808080808069753,0.6716827829417839,180
1.0,0.5909090909080119,0.6761039742978788,180
1.0,0.6010101010090487,0.6813951811247453,180
1.0,0.6111111111100854,0.6649441123551882,180
1.0,0.6212121212111221,0.6451977787796669,180
1.0,0.6313131313121589,0.5955773331747967,180
1.0,0.6414141414131957,0.6373205377555319,180
1.0,0.6515151515142324,0.6893478753156894,180
1.0,0.6616161616152691,0.7570643554510587,180
1.0,0.671717171716306,0.8765517704409858,180
1.0,0.6818181818173427,0.97468212682531,180
1.0,0.6919191919183794,1.046690729792422,180
1.0,0.7020202020194162,1.10117455487003,180
1.0,0.7121212121204528,1.130814288748,180
1.0,0.7222222222214896,1.1460114550491012,180
1.0,0.7323232323225264,1.1483486966486702,180
1.0,0.7424242424235631,1.1381924574954474,180
1.0,0.7525252525245998,1.0945857466406896,180
1.0,0.7626262626256366,1.061371745138608,180
1.0,0.7727272727266734,0.9896351396794428,180
1.0,0.7828282828277101,0.9139369963713516,180
1.0,0.7929292929287468,0.8677198519490166,180
1.0,0.8030303030297836,0.8752949817285605,180
1.0,0.8131313131308202,0.9289945945283503,180
1.0,0.823232323231857,1.006113922233375,180
1.0,0.8333333333328938,1.0773814499080194,180
1.0,0.8434343434339305,1.120121259002852,180
1.0,0.8535353535349672,1.1049266462026848,180
1.0,0.863636363636004,1.0278853544154225,180
1.0,0.8737373737370409,0.9728859367234287,180
1.0,0.8838383838380776,0.9024016886803867,180
1.0,0.8939393939391143,0.9054217491543896,180
1.0,0.9040404040401511,0.9552206405647269,180
1.0,0.9141414141411878,1.0240806205008093,180
1.0,0.9242424242422245,1.0745278687104238,180
1.0,0.9343434343432613,1.0913842305163464,180
1.0,0.944444444444298,1.052062757719748,180
1.0,0.9545454545453347,0.9854747275075253,180
1.0,0.9646464646463715,0.9373685151666434,180
1.0,0.9747474747474083,0.9275061661896091,180
1.0,0.984848484848445,0.9696657767168545,180
0.9848484848484218,1.0,0.9105429022808846,180
0.9747474747473697,1.0,0.9825215734436974,180
0.9646464646463174,1.0,1.0800594038313494,180
0.9545454545452653,1.0,1.006918137039636,180
0.9444444444442132,1.0,0.9358120407484348,180
0.9343434343431609,1.0,1.0399178376492253,180
0.9242424242421088,1.0,1.0958522693193273,180
0.9141414141410567,1.0,1.0072154661269042,180
0.9040404040400045,1.0,0.9375789891633801,180
0.8939393939389524,1.0,1.0298352193127174,180
0.8838383838379058,1.0,1.0882026330494623,180
0.8737373737368908,1.0,0.9926727600277184,180
0.8636363636359241,1.0,0.9035587438350495,180
0.853535353534982,1.0,0.9668178684961812,180
0.843434343434042,1.0,1.0752618214934595,180
0.833333333333102,1.0,1.0324400992372422,180
0.823232323232162,1.0,0.9042527260177227,180
0.813131313131222,1.0,0.9188981896296097,180
0.803030303030282,1.0,1.0414707370600402,180
0.792929292929342,1.0,1.0858431641582669,180
0.782828282828402,1.0,0.9997820634186417,180
0.772727272727462,1.0,0.9073478230535423,180
0.762626262626522,1.0,0.9436172999863627,180
0.752525252525582,1.0,1.0676028993812343,180
0.742424242424642,1.0,1.1076355602808052,180
0.732323232323702,1.0,1.0395585064744564,180
0.7222222222227619,1.0,0.9355110196464002,180
0.7121212121218219,1.0,0.9095931245940361,180
0.7020202020208819,1.0,0.9922811676857151,180
0.6919191919199418,1.0,1.0891246161923729,180
0.6818181818190018,1.0,1.1037402382168526,180
0.6717171717180618,1.0,1.029717707254402,180
0.6616161616171218,1.0,0.9346541477630902,180
0.6515151515161817,1.0,0.8954276902288497,180
0.6414141414152416,1.0,0.9446598426957418,180
0.6313131313143016,1.0,1.039367291673995,180
0.6212121212133616,1.0,1.1032624355896234,180
0.6111111111124216,1.0,1.0994962904266747,180
0.6010101010114816,1.0,1.0379778893398879,180
0.5909090909105414,1.0,0.9539787939665302,180
0.5808080808096014,1.0,0.9006430734387567,180
0.5707070707086614,1.0,0.9026823889592553,180
0.5606060606077213,1.0,0.961220510577074,180
0.5505050505067813,1.0,1.0268410643717838,180
0.5404040404058413,1.0,1.0957500035493744,180
0.5303030303049012,1.0,1.1148863853602424,180
0.5202020202039612,1.0,1.0878660106081697,180
0.5101010101030173,1.0,1.0434162539557221,180
0.5000000000020455,1.0,0.9791889993606195,180
0.4898989899010252,1.0,0.9148350394078139,180
0.47979797979997685,1.0,0.8862174157460989,180
0.4696969696989247,1.0,0.9002953833993476,180
0.4595959595978726,1.0,0.9319467072802521,180
0.4494949494968204,1.0,0.9793137989779002,180
0.4393939393957683,1.0,1.0411250779735095,180
0.4292929292947162,1.0,1.0721134392793767,180
0.41919191919366405,1.0,1.1053105175190991,180
0.4090909090926118,1.0,1.1141032643617035,180
0.3989898989915597,1.0,1.0915301623334477,180
0.38888888889050754,1.0,1.0616822873433247,180
0.3787878787894555,1.0,1.0269890089112912,180
0.3686868686884034,1.0,0.9774768284032007,180
0.35858585858735115,1.0,0.9364523593024418,180
0.348484848486299,1.0,0.906386533402588,180
0.33838383838524677,1.0,0.8758406186690435,180
0.3282828282841947,1.0,0.8726578119139198,180
0.3181818181831426,1.0,0.8937551212918229,180
0.3080808080820905,1.0,0.9077579582800219,180
0.2979797979810383,1.0,0.9439892312031991,180
0.2878787878799861,1.0,0.9734958281404679,180
0.277777777778934,1.0,1.0072731091406268,180
0.2676767676778819,1.0,1.0422986707112507,180
0.2575757575768297,1.0,1.0645175422261277,180
0.24747474747577755,1.0,1.0986306116450189,180
0.23737373737472545,1.0,1.1166765317341252,180
0.22727272727367331,1.0,1.1217648999712206,180
0.2171717171726211,1.0,1.11663653581569,180
0.207070707071569,1.0,1.1109497904398566,180
0.19696969697051697,1.0,1.1084827318427346,180
0.18686868686946476,1.0,1.0845387086249272,180
0.17676767676841254,1.0,1.0709509157284425,180
0.1666666666673604,1.0,1.0570610207182596,180
0.15656565656630825,1.0,1.0209534268589304,180
0.14646464646525614,1.0,0.9996914430668169,180
0.136363636364204,1.0,0.9731721311247366,180
0.12626262626315185,1.0,0.9473992235440295,180
0.11616161616209975,1.0,0.9195900663588161,180
0.10606060606104754,1.0,0.9103665519150996,180
0.09595959595999534,1.0,0.9010374264758974,180
0.08585858585894329,1.0,0.8915293570844607,180
0.07575757575789122,1.0,0.8989949395982078,180
0.06565656565683903,1.0,0.8971893702068133,180
0.05555555555578684,1.0,0.8874820415262912,180
0.04545454545473471,1.0,0.8949271015869261,180
0.03535353535368252,1.0,0.9044207330865472,180
0.02525252525263039,1.0,0.8904798449802778,180
0.01515151515157831,1.0,0.9043055526199768,180
0.0,0.9848484848484218,1.04687733798913,180
0.0,0.9747474747473697,1.1243080724303447,180
0.0,0.9646464646463174,1.1727288504265265,180
0.0,0.9545454545452653,1.1789004532963856,180
0.0,0.9444444444442132,1.1507356434648306,180
0.0,0.9343434343431609,1.1044770706195846,180
0.0,0.9242424242421088,1.0458181687005312,180
0.0,0.9141414141410567,0.9827771144894466,180
0.0,0.9040404040400045,0.9208771411096665,180
0.0,0.8939393939389524,0.8633086498568898,180
0.0,0.8838383838379058,0.8198771386467488,180
0.0,0.8737373737368908,0.8036046426339586,180
0.0,0.8636363636359241,0.825119765442817,180
0.0,0.853535353534982,0.8731546142840363,180
0.0,0.843434343434042,0.9439486656182137,180
0.0,0.833333333333102,1.0214434164809172,180
0.0,0.823232323232162,1.107267291413744,180
0.0,0.813131313131222,1.1936783553705763,180
0.0,0.803030303030282,1.2705291296437522,180
0.0,0.792929292929342,1.3316774591997378,180
0.0,0.782828282828402,1.3719185305392052,180
0.0,0.772727272727462,1.3768697578474665,180
0.0,0.762626262626522,1.3483228694134146,180
0.0,0.752525252525582,1.2969140445002396,180
0.0,0.742424242424642,1.2320721674749713,180
0.0,0.732323232323702,1.1586461906554806,180
0.0,0.7222222222227619,1.0830841659660493,180
0.0,0.7121212121218219,1.0053179524316693,180
0.0,0.7020202020208819,0.9238251318416202,180
0.0,0.6919191919199418,0.8378748193564136,180
0.0,0.6818181818190018,0.7483145699992602,180
0.0,0.6717171717180618,0.6561243026740736,180
0.0,0.6616161616171218,0.5644517969571147,180
0.0,0.6515151515161817,0.4792689862363257,180
0.0,0.6414141414152416,0.40852274933901433,180
0.0,0.6313131313143016,0.3562518109717859,180
0.0,0.6212121212133616,0.31488923965023785,180
0.0,0.6111111111124216,0.28153299406769283,180
0.0,0.6010101010114816,0.25069467306308135,180
0.0,0.5909090909105414,0.21474410328306553,180
0.0,0.5808080808096014,0.18115750849717083,180
0.0,0.5707070707086614,0.14494773153110596,180
0.0,0.5606060606077213,0.11200016768907037,180
0.0,0.5505050505067813,0.07950249777639257,180
0.0,0.5404040404058413,0.056076659972729745,180
0.0,0.5303030303049012,0.06504384632868275,180
0.0,0.5202020202039612,0.09822684843519647,180
0.0,0.5101010101030173,0.12601776431353723,180
0.0,0.5000000000020455,0.13411030784803515,180
0.0,0.4898989899010252,0.12004025269867905,180
0.0,0.47979797979997685,0.08497991978843486,180
0.0,0.4696969696989247,0.06313041350825979,180
0.0,0.4595959595978726,0.0784099440686771,180
0.0,0.4494949494968204,0.10888233578686958,180
0.0,0.4393939393957683,0.14106240948211526,180
0.0,0.4292929292947162,0.17094568313102837,180
0.0,0.41919191919366405,0.20041709396696183,180
0.0,0.4090909090926118,0.23922708086168754,180
0.0,0.3989898989915597,0.27345705312848745,180
0.0,0.38888888889050754,0.31172987078183634,180
0.0,0.3787878787894555,0.3543083706114388,180
0.0,0.3686868686884034,0.40787192949694395,180
0.0,0.35858585858735115,0.47115931267156486,180
0.0,0.348484848486299,0.5490161196518304,180
0.0,0.33838383838524677,0.6368336340604057,180
0.0,0.3282828282841947,0.7296638693202632,180
0.0,0.3181818181831426,0.8262820241975222,180
0.0,0.3080808080820905,0.9208904439245172,180
0.0,0.2979797979810383,1.010390232538584,180
0.0,0.2878787878799861,1.091770225984213,180
0.0,0.277777777778934,1.1646781837852733,180
0.0,0.2676767676778819,1.2308554915826646,180
0.0,0.2575757575768297,1.2869964076380809,180
0.0,0.24747474747577755,1.3267590428254663,180
0.0,0.23737373737472545,1.3465106110056324,180
0.0,0.22727272727367331,1.3367420172379856,180
0.0,0.2171717171726211,1.2978203398446129,180
0.0,0.207070707071569,1.227908439037989,180
0.0,0.19696969697051697,1.1448063262018895,180
0.0,0.18686868686946476,1.0631912969608577,180
0.0,0.17676767676841254,0.9921118058659395,180
0.0,0.1666666666673604,0.9448613639591672,180
0.0,0.15656565656630825,0.9162373828285394,180
0.0,0.14646464646525614,0.9029996287503473,180
0.0,0.136363636364204,0.8987980537438831,180
0.0,0.12626262626315185,0.8965460867455352,180
0.0,0.11616161616209975,0.8957132344938461,180
0.0,0.10606060606104754,0.8990475306008144,180
0.0,0.09595959595999534,0.9153453618056548,180
0.0,0.08585858585894329,0.9512201226023181,180
0.0,0.07575757575789122,1.0061397223236572,180
0.0,0.06565656565683903,1.0698559109782337,180
0.0,0.05555555555578684,1.128636156781982,180
0.0,0.04545454545473471,1.1647513142053152,180
0.0,0.03535353535368252,1.1628345690008492,180
0.0,0.02525252525263039,1.118126671944324,180
0.0,0.01515151515157831,1.0366014859212154,180
0.00505050505049548,0.0,0.991716301144036,270
0.9949494949494817,0.0,0.9917097304330503,270
0.015151515151486524,0.0,0.8716167442099262,270
0.025252525252477356,0.0,0.7648153602338373,270
0.0353535353534669,0.0,0.7038572427399199,270
0.04545454545445497,0.0,0.7097154406196693,270
0.0555555555554431,0.0,0.7904635801642106,270
0.06565656565643357,0.0,0.9117795091779118,270
0.07575757575742703,0.0,1.0348197454086443,270
0.08585858585842165,0.0,1.1475988861536637,270
0.09595959595941628,0.0,1.2380753048762818,270
0.1060606060604109,0.0,1.290025068118281,270
0.11616161616140486,0.0,1.3140901102604905,270
0.12626262626239484,0.0,1.3170621396935376,270
0.13636363636337873,0.0,1.3053992629050268,270
0.14646464646435964,0.0,1.2831272433206973,270
0.1565656565653403,0.0,1.2483448292591641,270
0.1666666666663209,0.0,1.199261703907284,270
0.17676767676730148,0.0,1.132917749059433,270
0.18686868686828212,0.0,1.0545351830170475,270
0.1969696969692627,0.0,0.9685714559423962,270
0.20707070707024333,0.0,0.878764096623393,270
0.21717171717122402,0.0,0.7882427680885031,270
0.2272727272722046,0.0,0.7038288870443627,270
0.23737373737318518,0.0,0.6282522091667591,270
0.24747474747416578,0.0,0.5638727254989679,270
0.2575757575751464,0.0,0.5102443654270673,270
0.267676767676127,0.0,0.46347779206365103,270
0.27777777777710766,0.0,0.4199650980584958,270
0.2878787878780883,0.0,0.3742208420817851,270
0.2979797979790689,0.0,0.32506481832738393,270
0.3080808080800495,0.0,0.2753878360243997,270
0.3181818181810302,0.0,0.23078004000763241,270
0.32828282828201083,0.0,0.1954903774930131,270
0.3383838383829914,0.0,0.17196328316532003,270
0.348484848483972,0.0,0.16026720238502323,270
0.3585858585849525,0.0,0.15636794083258385,270
0.3686868686859332,0.0,0.15218983697088306,270
0.3787878787869139,0.0,0.13882527048784074,270
0.3888888888878945,0.0,0.11334334125638174,270
0.3989898989888751,0.0,0.08286994368360227,270
0.4090909090898557,0.0,0.06789581400773921,270
0.4191919191908363,0.0,0.07692778178316119,270
0.42929292929181695,0.0,0.08623544453817832,270
0.4393939393927976,0.0,0.08478838279912038,270
0.4494949494937782,0.0,0.06632118951803827,270
0.4595959595947588,0.0,0.0378127164142289,270
0.4696969696957394,0.0,0.010271158687513215,270
0.47979797979672,0.0,0.04028232503615346,270
0.48989898989770253,0.0,0.06959854886077803,270
0.49999999999869915,0.0,0.08099208985990196,270
0.5101010100997199,0.0,0.06940578937747463,270
0.5202020202007547,0.0,0.03975065860726495,270
0.5303030303017915,0.0,0.009977695479005212,270
0.5404040404028283,0.0,0.037501476063277604,270
0.550505050503865,0.0,0.06604964619498101,270
0.5606060606049017,0.0,0.08269403892299046,270
0.5707070707059385,0.0,0.08608001358137868,270
0.5808080808069753,0.0,0.07643758999299158,270
0.5909090909080119,0.0,0.06790450750120801,270
0.6010101010090487,0.0,0.08305243455236411,270
0.6111111111100854,0.0,0.11414779626546913,270
0.6212121212111221,0.0,0.13965764929659075,270
0.6313131313121589,0.0,0.15221028630255376,270
0.6414141414131957,0.0,0.15626159521909597,270
0.6515151515142324,0.0,0.16146691711830252,270
0.6616161616152691,0.0,0.17024563756769365,270
0.671717171716306,0.0,0.1945318491353366,270
0.6818181818173427,0.0,0.2295193784527613,270
0.6919191919183794,0.0,0.27392337024478625,270
0.7020202020194162,0.0,0.3237404606093993,270
0.7121212121204528,0.0,0.3733873008589663,270
0.7222222222214896,0.0,0.41946672721007333,270
0.7323232323225264,0.0,0.46331545704133026,270
0.7424242424235631,0.0,0.5102048318743716,270
0.7525252525245998,0.0,0.5644236133341093,270
0.7626262626256366,0.0,0.6281330004615406,270
0.7727272727266734,0.0,0.7027642550973259,270
0.7828282828277101,0.0,0.7870821570370435,270
0.7929292929287468,0.0,0.8774402473281365,270
0.8030303030297836,0.0,0.9683945109400616,270
0.8131313131308202,0.0,1.054474611352667,270
0.823232323231857,0.0,1.1321663350577433,270
0.8333333333328938,0.0,1.197166285683713,270
0.8434343434339305,0.0,1.2473837876117242,270
0.8535353535349672,0.0,1.2826288891625872,270
0.863636363636004,0.0,1.3054577044140054,270
0.8737373737370409,0.0,1.317005330187996,270
0.8838383838380776,0.0,1.3138463723219351,270
0.8939393939391143,0.0,1.2890179686975975,270
0.9040404040401511,0.0,1.234789677548175,270
0.9141414141411878,0.0,1.1481448297940229,270
0.9242424242422245,0.0,1.0331929492720464,270
0.9343434343432613,0.0,0.9040016910321584,270
0.944444444444298,0.0,0.7797342054035378,270
0.9545454545453347,0.0,0.7115190881644445,270
0.9646464646463715,0.0,0.7033681969729185,270
0.9747474747474083,0.0,0.7646861117746433,270
0.984848484848445,0.0,0.8675570159122761,270
0.0,0.00505050505052612,1.0385219329848376,270
1.0,0.00505050505049548,1.038515027528231,270
1.0,0.9949494949494817,0.9490031996002113,270
0.9949494949494739,1.0,0.9296587163864588,270
0.00505050505052612,1.0,0.9296397311579868,270
0.0,0.9949494949494739,0.9489820554479085,270
1.0,0.015151515151486524,1.0615685168963584,270
1.0,0.025252525252477356,1.0800784417842286,270
1.0,0.0353535353534669,1.0739388382835673,270
1.0,0.04545454545445497,1.0872640778383915,270
1.0,0.0555555555554431,1.1097990962529019,270
1.0,0.06565656565643357,1.1099119212980026,270
1.0,0.07575757575742703,1.11691072179646,270
1.0,0.08585858585842165,1.134470826961133,270
1.0,0.09595959595941628,1.135185577243593,270
1.0,0.1060606060604109,1.1353194592695812,270
1.0,0.11616161616140486,1.1388390397925536,270
1.0,0.12626262626239484,1.1260284460150383,270
1.0,0.13636363636337873,1.1175081425911675,270
1.0,0.14646464646435964,1.1129189654097345,270
1.0,0.1565656565653403,1.0932534028052259,270
1.0,0.1666666666663209,1.0750386275751849,270
1.0,0.17676767676730148,1.0792992433347184,270
1.0,0.18686868686828212,1.0541981525221642,270
1.0,0.1969696969692627,1.0258711979807247,270
1.0,0.20707070707024333,1.0084176735092227,270
1.0,0.21717171717122402,0.9781337196808111,270
1.0,0.2272727272722046,0.934471418369586,270
1.0,0.23737373737318518,0.90436232496493,270
1.0,0.24747474747416578,0.8863147176956616,270
1.0,0.2575757575751464,0.8652720459650717,270
1.0,0.267676767676127,0.8619665276061947,270
1.0,0.27777777777710766,0.8710917255836992,270
1.0,0.2878787878780883,0.8852531905423126,270
1.0,0.2979797979790689,0.9149195364603969,270
1.0,0.3080808080800495,0.96687116353819,270
1.0,0.3181818181810302,1.006220573238806,270
1.0,0.32828282828201083,1.0518100349940176,270
1.0,0.3383838383829914,1.0889709727963814,270
1.0,0.348484848483972,1.1084404570953599,270
1.0,0.3585858585849525,1.1236684767525233,270
1.0,0.3686868686859332,1.1285665861692005,270
1.0,0.3787878787869139,1.1021523957427468,270
1.0,0.3888888888878945,1.0716913712860963,270
1.0,0.3989898989888751,1.0076119878388752,270
1.0,0.4090909090898557,0.940379749574261,270
1.0,0.4191919191908363,0.8910889995287686,270
1.0,0.42929292929181695,0.8701727864438282,270
1.0,0.4393939393927976,0.8879274679716993,270
1.0,0.4494949494937782,0.9439248536518258,270
1.0,0.4595959595947588,1.0246012889551213,270
1.0,0.4696969696957394,1.0736798679375936,270
1.0,0.47979797979672,1.1262786732955232,270
1.0,0.48989898989770253,1.1272236531957605,270
1.0,0.49999999999869915,1.0611405339752624,270
1.0,0.5101010100997199,0.9670993855207625,270
1.0,0.5202020202007547,0.8969283736189676,270
1.0,0.5303030303017915,0.8881072739448416,270
1.0,0.5404040404028283,0.9450952855338587,270
1.0,0.550505050503865,1.0585123619755799,270
1.0,0.5606060606049017,1.118730313151055,270
1.0,0.5707070707059385,1.0925074148487306,270
1.0,0.5808080808069753,0.9964334803213566,270
1.0,0.5909090909080119,0.8939788228284515,270
1.0,0.6010101010090487,0.9025230867276552,270
1.0,0.6111111111100854,1.0193277316878795,270
1.0,0.6212121212111221,1.1076180119992054,270
1.0,0.6313131313121589,1.0652039130014364,270
1.0,0.6414141414131957,0.9520705631700535,270
1.0,0.6515151515142324,0.8820649498194257,270
1.0,0.6616161616152691,0.9617720610840322,270
1.0,0.671717171716306,1.0938775826946667,270
1.0,0.6818181818173427,1.0742826629466324,270
1.0,0.6919191919183794,0.9384418308167962,270
1.0,0.7020202020194162,0.8958457180438194,270
1.0,0.7121212121204528,1.0301490666381785,270
1.0,0.7222222222214896,1.1121629791383312,270
1.0,0.7323232323225264,1.010330342097089,270
1.0,0.7424242424235631,0.888829234707332,270
1.0,0.7525252525245998,1.0003499150064186,270
1.0,0.7626262626256366,1.1020987272916003,270
1.0,0.7727272727266734,1.0212125828462975,270
1.0,0.7828282828277101,0.898274195100146,270
1.0,0.7929292929287468,0.9960680525471102,270
1.0,0.8030303030297836,1.08663101494855,270
1.0,0.8131313131308202,0.9934084338979268,270
1.0,0.823232323231857,0.9080010749307276,270
1.0,0.8333333333328938,1.0221279096386042,270
1.0,0.8434343434339305,1.0685546068425882,270
1.0,0.8535353535349672,0.9403829795497648,270
1.0,0.863636363636004,0.9499929375993208,270
1.0,0.8737373737370409,1.077893131249287,270
1.0,0.8838383838380776,1.027097338780861,270
1.0,0.8939393939391143,0.9070452030282438,270
1.0,0.9040404040401511,1.0246809318943086,270
1.0,0.9141414141411878,1.1065517539053662,270
1.0,0.9242424242422245,0.960098786030707,270
1.0,0.9343434343432613,0.9439726223869188,270
1.0,0.944444444444298,1.0962821400536014,270
1.0,0.9545454545453347,1.0257056263232995,270
1.0,0.9646464646463715,0.9093492587225946,270
1.0,0.9747474747474083,1.0353597710140592,270
1.0,0.984848484848445,1.073345169918191,270
0.9848484848484218,1.0,0.9487626556393529,270
0.9747474747473697,1.0,0.9615470050693269,270
0.9646464646463174,1.0,1.0210580219835266,270
0.9545454545452653,1.0,1.0499277589797682,270
0.9444444444442132,1.0,1.0936873818351256,270
0.9343434343431609,1.0,1.1091367492365116,270
0.9242424242421088,1.0,1.1128049496983414,270
0.9141414141410567,1.0,1.054441932202684,270
0.9040404040400045,1.0,0.955407233994538,270
0.8939393939389524,1.0,0.8850814785993515,270
0.8838383838379058,1.0,0.8344905693705161,270
0.8737373737368908,1.0,0.8326168976929168,270
0.8636363636359241,1.0,0.8453406317501097,270
0.853535353534982,1.0,0.9241727036284797,270
0.843434343434042,1.0,1.007648302098354,270
0.833333333333102,1.0,1.0724116480126276,270
0.823232323232162,1.0,1.1332245049988017,270
0.813131313131222,1.0,1.1628073348156593,270
0.803030303030282,1.0,1.1987926595293252,270
0.792929292929342,1.0,1.2299953279989237,270
0.782828282828402,1.0,1.245833212457066,270
0.772727272727462,1.0,1.272135470394121,270
0.762626262626522,1.0,1.2503570823004,270
0.752525252525582,1.0,1.1986106904498137,270
0.742424242424642,1.0,1.2380037636931331,270
0.732323232323702,1.0,1.1279891651976988,270
0.7222222222227619,1.0,1.1090469646699184,270
0.7121212121218219,1.0,1.100854234051692,270
0.7020202020208819,1.0,1.1006912220209422,270
0.6919191919199418,1.0,1.106371762405405,270
0.6818181818190018,1.0,1.1077545342901838,270
0.6717171717180618,1.0,1.080174351218384,270
0.6616161616171218,1.0,1.052268464748569,270
0.6515151515161817,1.0,1.0711187750853608,270
0.6414141414152416,1.0,1.0920922147062915,270
0.6313131313143016,1.0,1.1287860231582378,270
0.6212121212133616,1.0,1.1563460451262697,270
0.6111111111124216,1.0,1.24025308225086,270
0.6010101010114816,1.0,1.3014382946403562,270
0.5909090909105414,1.0,1.4017099135739088,270
0.5808080808096014,1.0,1.564542206246642,270
0.5707070707086614,1.0,1.4983001411856278,270
0.5606060606077213,1.0,1.4487354403588584,270
0.5505050505067813,1.0,1.588076502561454,270
0.5404040404058413,1.0,1.4833005154694414,270
0.5303030303049012,1.0,1.4332207195033793,270
0.5202020202039612,1.0,1.4079162830218976,270
0.5101010101030173,1.0,1.3998555796962682,270
0.5000000000020455,1.0,1.398369153355993,270
0.4898989899010252,1.0,1.4414073217901406,270
0.47979797979997685,1.0,1.4152274417182802,270
0.4696969696989247,1.0,1.3750229153775515,270
0.4595959595978726,1.0,1.4788895494545211,270
0.4494949494968204,1.0,1.585746885000512,270
0.4393939393957683,1.0,1.4645327885187194,270
0.4292929292947162,1.0,1.6119794420005267,270
0.41919191919366405,1.0,1.5002464478320283,270
0.4090909090926118,1.0,1.4154983505273944,270
0.3989898989915597,1.0,1.3107880386406416,270
0.38888888889050754,1.0,1.2223880395272981,270
0.3787878787894555,1.0,1.1679400949607628,270
0.3686868686884034,1.0,1.145194513454248,270
0.35858585858735115,1.0,1.1283263465509379,270
0.348484848486299,1.0,1.1312666510135454,270
0.33838383838524677,1.0,1.1253477003990286,270
0.3282828282841947,1.0,1.1468081332665105,270
0.3181818181831426,1.0,1.1815286958771454,270
0.3080808080820905,1.0,1.2460752729810876,270
0.2979797979810383,1.0,1.1346774755659788,270
0.2878787878799861,1.0,1.1698871703809848,270
0.277777777778934,1.0,1.1871988747932734,270
0.2676767676778819,1.0,1.1863537862303837,270
0.2575757575768297,1.0,1.2731040436530707,270
0.24747474747577755,1.0,1.2363100973921914,270
0.23737373737472545,1.0,1.268596144118314,270
0.22727272727367331,1.0,1.3043931220024938,270
0.2171717171726211,1.0,1.275087887011023,270
0.207070707071569,1.0,1.23325504961556,270
0.19696969697051697,1.0,1.192550498594092,270
0.18686868686946476,1.0,1.1555377074965245,270
0.17676767676841254,1.0,1.091606743563609,270
0.1666666666673604,1.0,1.06382821697483,270
0.15656565656630825,1.0,1.0299335583517752,270
0.14646464646525614,1.0,0.9310083852012949,270
0.136363636364204,1.0,0.8698413962785697,270
0.12626262626315185,1.0,0.8341896507843167,270
0.11616161616209975,1.0,0.8359767191466833,270
0.10606060606104754,1.0,0.8850507223444596,270
0.09595959595999534,1.0,0.9606903656753896,270
0.08585858585894329,1.0,1.0457254246546144,270
0.07575757575789122,1.0,1.1122494664416032,270
0.06565656565683903,1.0,1.1074246078999208,270
0.05555555555578684,1.0,1.093670023250844,270
0.04545454545473471,1.0,1.0501552825627694,270
0.03535353535368252,1.0,1.0223319529388113,270
0.02525252525263039,1.0,0.9618753321953504,270
0.01515151515157831,1.0,0.9488224076947971,270
0.0,0.9848484848484218,1.07334924177303,270
0.0,0.9747474747473697,1.0353700003610418,270
0.0,0.9646464646463174,0.9093482350702876,270
0.0,0.9545454545452653,1.0243807431510976,270
0.0,0.9444444444442132,1.0955467317575118,270
0.0,0.9343434343431609,0.9438987817532405,270
0.0,0.9242424242421088,0.960264375333301,270
0.0,0.9141414141410567,1.1065594099440847,270
0.0,0.9040404040400045,1.0248564024588271,270
0.0,0.8939393939389524,0.9070195285882973,270
0.0,0.8838383838379058,1.0269155652944626,270
0.0,0.8737373737368908,1.0777658545831756,270
0.0,0.8636363636359241,0.9501301498276632,270
0.0,0.853535353534982,0.9404517665509706,270
0.0,0.843434343434042,1.0685803704503327,270
0.0,0.833333333333102,1.022102285631848,270
0.0,0.823232323232162,0.907998047940438,270
0.0,0.813131313131222,0.9934055134917064,270
0.0,0.803030303030282,1.0866367497507152,270
0.0,0.792929292929342,0.9960661369109605,270
0.0,0.782828282828402,0.8982229429611331,270
0.0,0.772727272727462,1.0212407132425465,270
0.0,0.762626262626522,1.102094501544512,270
0.0,0.752525252525582,1.000517214848134,270
0.0,0.742424242424642,0.8888112496245769,270
0.0,0.732323232323702,1.010294557863764,270
0.0,0.7222222222227619,1.1121880559781414,270
0.0,0.7121212121218219,1.030254709301647,270
0.0,0.7020202020208819,0.8957208018619005,270
0.0,0.6919191919199418,0.9403910473393421,270
0.0,0.6818181818190018,1.0738193965992566,270
0.0,0.6717171717180618,1.0950224686959202,270
0.0,0.6616161616171218,0.9651395165598665,270
0.0,0.6515151515161817,0.8821225371779489,270
0.0,0.6414141414152416,0.9571309133102116,270
0.0,0.6313131313143016,1.0683738104801632,270
0.0,0.6212121212133616,1.1051795012694292,270
0.0,0.6111111111124216,1.0177756725510991,270
0.0,0.6010101010114816,0.9021105509531936,270
0.0,0.5909090909105414,0.9027839277612798,270
0.0,0.5808080808096014,0.9904536599014668,270
0.0,0.5707070707086614,1.0946851076752937,270
0.0,0.5606060606077213,1.1202588622945924,270
0.0,0.5505050505067813,1.0596760566264778,270
0.0,0.5404040404058413,0.9555127406036307,270
0.0,0.5303030303049012,0.8869770048646335,270
0.0,0.5202020202039612,0.8977716635716134,270
0.0,0.5101010101030173,0.9666373478613978,270
0.0,0.5000000000020455,1.059754674992787,270
0.0,0.4898989899010252,1.1237878928243785,270
0.0,0.47979797979997685,1.1248349060535474,270
0.0,0.4696969696989247,1.0739106300871126,270
0.0,0.4595959595978726,1.0273514185116879,270
0.0,0.4494949494968204,0.9455088475585351,270
0.0,0.4393939393957683,0.8872041705400452,270
0.0,0.4292929292947162,0.8703601981925155,270
0.0,0.41919191919366405,0.8860680547541347,270
0.0,0.4090909090926118,0.9417842886064353,270
0.0,0.3989898989915597,1.0051406390848847,270
0.0,0.38888888889050754,1.0635683902634447,270
0.0,0.3787878787894555,1.110465602685934,270
0.0,0.3686868686884034,1.1275143186965342,270
0.0,0.35858585858735115,1.124347100130879,270
0.0,0.348484848486299,1.1053180518818397,270
0.0,0.33838383838524677,1.0857127214997553,270
0.0,0.3282828282841947,1.0454825060738417,270
0.0,0.3181818181831426,1.0006835438933273,270
0.0,0.3080808080820905,0.9639328427526712,270
0.0,0.2979797979810383,0.9206931619209517,270
0.0,0.2878787878799861,0.8836360906751898,270
0.0,0.277777777778934,0.8703440398396868,270
0.0,0.2676767676778819,0.8607461809242917,270
0.0,0.2575757575768297,0.8625966334625622,270
0.0,0.24747474747577755,0.8876551665028048,270
0.0,0.23737373737472545,0.9139292402946563,270
0.0,0.22727272727367331,0.9277464660443563,270
0.0,0.2171717171726211,0.9781324790429632,270
0.0,0.207070707071569,1.0067194791691905,270
0.0,0.19696969697051697,1.025548724908089,270
0.0,0.18686868686946476,1.054633347598448,270
0.0,0.17676767676841254,1.078854023562408,270
0.0,0.1666666666673604,1.0727423864662127,270
0.0,0.15656565656630825,1.091664460369141,270
0.0,0.14646464646525614,1.1131184425979401,270
0.0,0.136363636364204,1.1155937590361762,270
0.0,0.12626262626315185,1.1291225699096419,270
0.0,0.11616161616209975,1.139648249836226,270
0.0,0.10606060606104754,1.1354540253220355,270
0.0,0.09595959595999534,1.135201220721798,270
0.0,0.08585858585894329,1.1342876888462958,270
0.0,0.07575757575789122,1.1164058938705517,270
0.0,0.06565656565683903,1.1097906376987883,270
0.0,0.05555555555578684,1.1099465237345156,270
0.0,0.04545454545473471,1.0875016018714525,270
0.0,0.03535353535368252,1.0739466482030557,270
0.0,0.02525252525263039,1.080846364863779,270
0.0,0.01515151515157831,1.0568697377282532,270
