x,y,mag_u,real_u,imag_u
0.00505050505050505,0,0.940525982607811,0.940523764495308,0.00204264043862019
0.0151515151515152,0,0.936246409189869,0.935030624252001,0.0476976983913912
0.0252525252525253,0,0.950540753209391,0.94749851662254,0.0759887130431968
0.0353535353535354,0,0.97876818858048,0.975157615758181,0.0839928056796172
0.0454545454545455,0,1.01801990353513,1.0153533200413,0.0736353140468955
0.0555555555555556,0,1.06277288395809,1.06173314754898,0.0469992156564111
0.0656565656565657,0,1.10107459914671,1.10105794306307,0.00605631107303157
0.0757575757575758,0,1.11658546129699,1.11571849326472,-0.043992455795421
0.0858585858585859,0,1.09633342226424,1.09247522041146,-0.0918959496417567
0.095959595959596,0,1.03939231989031,1.03217672678929,-0.122260375107875
0.106060606060606,0,0.960787849694441,0.952964139498693,-0.122362743308504
0.116161616161616,0,0.887720418785708,0.883187668742317,-0.0895939937193501
0.126262626262626,0,0.848025799397448,0.84734360214319,-0.0340084746891892
0.136363636363636,0,0.854021057289608,0.853611382075654,0.0264494741904836
0.146464646464646,0,0.894138617137044,0.890960573172651,0.0753201414470716
0.156565656565657,0,0.943544740019817,0.93762198804146,0.105554175475169
0.166666666666667,0,0.982669521258028,0.975199980698172,0.120931326197003
0.176767676767677,0,1.00763006919863,0.999146479493259,0.13047861460583
0.186868686868687,0,1.02867941739103,1.01908370307007,0.140177565612101
0.196969696969697,0,1.05985106331337,1.04948485136546,0.147870967944701
0.207070707070707,0,1.10708416140507,1.09758071563706,0.14474775678954
0.217171717171717,0,1.16325041538011,1.15682662325221,0.122080680768492
0.227272727272727,0,1.21267924665143,1.21014447898562,0.0783664165297075
0.237373737373737,0,1.24071224416447,1.2405179083073,0.0219588703838002
0.247474747474747,0,1.2422859152875,1.24185941764782,-0.032549686958765
0.257575757575758,0,1.22533907497996,1.22322780772869,-0.0718997849231805
0.267676767676768,0,1.20739994177002,1.20395825515859,-0.0910996115344399
0.277777777777778,0,1.20672733058274,1.20291937239216,-0.0957905731217149
0.287878787878788,0,1.23237389764908,1.22839635651422,-0.0989333862220855
0.297979797979798,0,1.27938584142657,1.27431538115638,-0.113791214911534
0.308080808080808,0,1.3326812258156,1.32456392038162,-0.146866165145848
0.318181818181818,0,1.37636624929593,1.362603600897,-0.194153235933614
0.328282828282828,0,1.40206022558839,1.38096076325681,-0.242322608359438
0.338383838383838,0,1.41252099335148,1.38564968749426,-0.274208862376313
0.348484848484848,0,1.42061571993822,1.3935153412324,-0.276159405933481
0.358585858585859,0,1.44487128362806,1.4241268274221,-0.243958614665804
0.368686868686869,0,1.50174382982932,1.49036642355514,-0.184505972721483
0.378787878787879,0,1.59611891376943,1.59217303631209,-0.11216331545227
0.388888888888889,0,1.71658189348967,1.71608827411618,-0.0411634850018724
0.398989898989899,0,1.84050628073783,1.84037009700761,0.0223891821105878
0.409090909090909,0,1.94479714607004,1.942946960459,0.0848118400065439
0.419191919191919,0,2.01513790902837,2.00854480243134,0.162875931399615
0.429292929292929,0,2.05090369693374,2.03223080961585,0.27612299894176
0.439393939393939,0,2.06546401708734,2.0187078955816,0.436989746102882
0.449494949494949,0,2.08070792167537,1.97873088446214,0.643404648878411
0.45959595959596,0,2.11536660410498,1.92494130392261,0.877141292047836
0.46969696969697,0,2.17281083021872,1.86894751396574,1.10821572536985
0.47979797979798,0,2.23841417673009,1.82018173213432,1.30285704840967
0.48989898989899,0,2.28887267102533,1.78589907408449,1.43160839664721
0.5,0,2.30511448607156,1.77130994292575,1.47513181783504
0.51010101010101,0,2.28099082178443,1.7796238540489,1.42683498245765
0.52020202020202,0,2.22534747480908,1.81008863052447,1.2945078343854
0.53030303030303,0,2.15886495462664,1.8585952724629,1.09832668432194
0.54040404040404,0,2.10450760836348,1.91714489711367,0.868048222814133
0.55050505050505,0,2.07464496086744,1.97435662244656,0.637234369015077
0.560606060606061,0,2.06318119345124,2.01673682430718,0.435303593477287
0.570707070707071,0,2.05002532313434,2.03085498239794,0.279699599501941
0.580808080808081,0,2.01378262969429,2.00646117167317,0.171563534081073
0.590909090909091,0,1.94250109359312,1.94005516112957,0.0974498352230243
0.601010101010101,0,1.83800600841591,1.83763524886559,0.0369158380602004
0.611111111111111,0,1.71513140141805,1.71491447761647,-0.0272774374101301
0.621212121212121,0,1.59702650204128,1.59381887588105,-0.101168370093906
0.631313131313131,0,1.50617847871174,1.4956731515086,-0.177582188269943
0.641414141414141,0,1.45352944177596,1.43344388436224,-0.240803796676904
0.651515151515152,0,1.43325373625639,1.40657148711249,-0.275268821581853
0.661616161616162,0,1.42782251487098,1.40132858783261,-0.273779697741757
0.671717171717172,0,1.41793158350627,1.39724935485668,-0.241296945395477
0.681818181818182,0,1.39046380287305,1.37703812085948,-0.192757881291487
0.691919191919192,0,1.34316632550105,1.33517759181527,-0.146275685861925
0.702020202020202,0,1.28578846030884,1.2806264627013,-0.115099208044816
0.712121212121212,0,1.23599594247131,1.23177158247146,-0.102101608318784
0.722222222222222,0,1.21002145811408,1.20593963068571,-0.0993052679275192
0.732323232323232,0,1.21258924634215,1.20904656299498,-0.0926233709959549
0.742424242424242,0,1.23329048261789,1.23132822549085,-0.0695429049250867
0.752525252525253,0,1.25224642240132,1.25197751911244,-0.0259498372627209
0.762626262626263,0,1.25079785578572,1.25040228508309,0.0314547531723076
0.772727272727273,0,1.220872523638,1.21765796383002,0.0885370097504957
0.782828282828283,0,1.16850577399065,1.1611250279668,0.131127469580457
0.792929292929293,0,1.10985986795234,1.0993744406395,0.152199756109396
0.803030303030303,0,1.06159098679158,1.05028547426428,0.15451810828045
0.813131313131313,0,1.03055731925054,1.02000282211874,0.147114347127212
0.823232323232323,0,1.00954776888169,1.00008016488449,0.137936077436617
0.833333333333333,0,0.983274223110796,0.974944961128049,0.127712648571573
0.843434343434343,0,0.941230301870678,0.93484055869451,0.109487949014055
0.853535353535354,0,0.888483905532155,0.88535653904214,0.074481200077563
0.863636363636364,0,0.846789312360786,0.846543467112821,0.0204033775894
0.873737373737374,0,0.842583098252254,0.841449285646916,-0.0436964202728728
0.883838383838384,0,0.886831319157326,0.881186369419518,-0.0999018067282662
0.893939393939394,0,0.965091675379032,0.956284407400558,-0.13008487248128
0.904040404040404,0,1.04765555835525,1.04013423599866,-0.125311372413407
0.914141414141414,0,1.10606871772221,1.10240375500998,-0.0899664896700858
0.924242424242424,0,1.1245926337387,1.12393927860734,-0.0383287080785556
0.934343434343434,0,1.10427174345626,1.10418973251506,0.0134580089256799
0.944444444444445,0,1.05918581963038,1.05779803741208,0.0542025142702934
0.954545454545455,0,1.00747508635917,1.00436215413505,0.0791373045764667
0.964646464646465,0,0.963039627752428,0.959132179893831,0.0866647916609907
0.974747474747475,0,0.933181829276145,0.930167792113837,0.074941343764587
0.984848484848485,0,0.921958860545962,0.920980227277157,0.0424683588536872
0.994949494949495,0,0.934136416974294,0.934111768045869,-0.00678603829884235
